Longitude,Latitude,UHI Index
-73.971665,40.78876333,0.9694067743199983
-73.97192833,40.788875,0.978345320969999
-73.96708,40.78908,1.00038155504
-73.97255,40.78908167,1.00653251543
-73.96969667,40.78795333,0.964770414369998
-73.97021167,40.78418333,0.9884847291500004
-73.96975167,40.78470833,0.9759147479899998
-73.96676667,40.78886333,0.966307853889999
-73.97130333,40.788585,0.9687973278899992
-73.966635,40.78418333,0.9790978127000001
-73.98672167,40.78182667,0.9745107373100013
-73.95032333,40.81512333,0.9949734697299999
-73.98230833,40.76774167,0.9879690437999997
-73.96508333,40.78370667,0.9796459539099988
-73.97968333,40.77094667,0.9730514319300003
-73.95570333,40.79593833,0.9760722182400009
-73.97289167,40.78512667,0.9814370288099991
-73.95583833,40.78309833,0.9827989671699996
-73.96325,40.781915,0.9789355344100005
-73.94459,40.777375,0.9937052923700006
-73.97195,40.78476,0.9909309292499997
-73.94579667,40.781725,0.9882046483700012
-73.98071167,40.78740333,0.9970289989800004
-73.96015833,40.758905,0.9789547673400008
-73.98460333,40.78264333,0.9906905163599999
-73.97688333,40.79036333,0.99909053843
-73.94998833,40.81563833,0.9785881379100013
-73.94784,40.77889,0.9933110156000002
-73.973275,40.78934667,0.9767297473399988
-73.95970667,40.79867333,0.9961226427699995
-73.94704833,40.78009,0.9839192910900008
-73.982415,40.76795333,0.9743099924500007
-73.97984667,40.78694667,1.0019526524199995
-73.98738167,40.78111,0.9876204454799995
-73.97607667,40.789975,0.9794656442299987
-73.96195667,40.79138333,0.9827268435199996
-73.97963,40.78667,0.9841296521299999
-73.95438833,40.78251333,0.9978788580500002
-73.96295833,40.79177333,0.9753137157199998
-73.941705,40.790355,0.9914369982699998
-73.98581667,40.78309667,0.9804284973900007
-73.96991,40.79022,0.9809814471099995
-73.95996333,40.79833667,0.9878836974799995
-73.98242,40.76804,1.0050912409500004
-73.97728333,40.77158667,0.9838760164199999
-73.94637333,40.77291833,0.9718782176999986
-73.96973667,40.79016,0.9804934092399996
-73.95559167,40.796185,0.9764977490499995
-73.96010333,40.75887667,0.9775267155000015
-73.97565,40.78978167,0.9764003817700005
-73.95958667,40.79883167,0.9815740644000005
-73.95093167,40.81433333,0.9994162976900012
-73.98085833,40.76942167,0.9807121845499995
-73.96359333,40.78273833,0.9821282155299991
-73.96236,40.78117,0.9968727306599996
-73.98243167,40.76812833,0.9948087870100004
-73.98065667,40.78737833,0.9970289989800004
-73.96223833,40.79151333,0.97540747689
-73.97228167,40.784905,0.9778164131799989
-73.984475,40.78302333,0.9769449168400002
-73.97515667,40.78964,0.98358631935
-73.96217833,40.78093667,0.9782743990599998
-73.95764833,40.7896,0.986331833160001
-73.89286,40.84138833,0.9918685391500012
-73.95836333,40.78989667,0.9807891165599999
-73.93310667,40.79522,0.9861166636600004
-73.898815,40.80721667,0.9924539440900004
-73.975995,40.78651667,1.0001892246499997
-73.98061167,40.78789333,0.9811653625000001
-73.96706333,40.807085,0.9818132750099998
-73.96702333,40.79345333,0.9922772403800004
-73.98249667,40.77439333,1.0009080590200004
-73.95459,40.79726333,0.99752785531
-73.93384167,40.79543,0.9983380464700002
-73.97887167,40.78633833,0.9850840908600001
-73.98053,40.78922667,0.9765879038600002
-73.9723,40.79635667,0.9847499169399994
-73.98471,40.785675,0.9948833150900004
-73.98227833,40.77546,0.9901063134600008
-73.94239,40.78637333,1.0032232337100002
-73.97824333,40.78618,0.9851934784899997
-73.97923667,40.78652667,0.9778404542600004
-73.977965,40.79070667,0.9781301514600006
-73.973785,40.78925667,0.9754567617300002
-73.95881833,40.79981333,1.0007349615600005
-73.98191,40.76774,0.9843676606399999
-73.98061833,40.78785167,0.9803046846900011
-73.92448833,40.84360667,0.984427763759999
-73.89894667,40.80784333,0.9998274035200005
-73.95300667,40.768135,0.9884162115299995
-73.956465,40.79106833,0.9762429115100013
-73.94668333,40.78053667,0.9965337486400001
-73.955205,40.795475,0.9749951691700006
-73.97388833,40.79209333,1.0005991283499993
-73.95322833,40.78605333,0.9904236583099992
-73.97746833,40.78691833,0.9946140527900001
-73.93201,40.79670167,1.0099487809199994
-73.982295,40.77552167,0.9918817618100002
-73.94437,40.77540667,0.9956273924500002
-73.97374167,40.79201333,0.9930718047600001
-73.94584167,40.78166,0.9871095684299998
-73.97750833,40.78687833,1.0022591787000006
-73.98251167,40.77422333,0.9942858893400003
-73.95585,40.80458667,0.9935706610999999
-73.89406167,40.84209167,1.0073775662799986
-73.94356667,40.776545,0.9875663524300003
-73.97264167,40.79146333,0.9968907617400018
-73.980605,40.78903,0.9994559656699997
-73.95382833,40.78774167,0.9941668850100003
-73.96049833,40.75905833,0.9797685645299987
-73.94182667,40.79043,0.9973006653299994
-73.95644,40.78324167,0.9883789474999997
-73.95949,40.75906667,0.9846044670499989
-73.97020667,40.79417333,0.9899079725499993
-73.89813167,40.81011333,1.0120403719900002
-73.94727833,40.77857833,0.9911821604500003
-73.97653167,40.78666,0.977239422540001
-73.98390167,40.78367667,0.9856454544600005
-73.899475,40.80542167,0.9860204985300003
-73.95653167,40.79101833,0.975070899210001
-73.94396667,40.77597333,0.9844722402100006
-73.98472333,40.78499833,0.9787696494300002
-73.94893667,40.77330833,0.9926474762999992
-73.98470667,40.78573,0.9948833150900004
-73.96068667,40.75916167,0.9928446147499999
-73.951185,40.79774,0.9939384930000004
-73.95443833,40.797615,0.9789607774600002
-73.97065667,40.76783,0.9872706448100016
-73.95697833,40.783335,0.9855360665100017
-73.95362833,40.78617833,0.987220158199999
-73.93213833,40.79653667,1.0043447592499999
-73.95492333,40.79676667,0.98606978297
-73.887255,40.82287167,1.0101555358400005
-73.95680833,40.79073667,0.9758330076400012
-73.92461167,40.84343167,0.9831872339900002
-73.902365,40.80613167,0.9997937456299995
-73.89948167,40.81362667,0.9866263382000016
-73.9465,40.78071167,0.9837089298000004
-73.947145,40.805955,0.9952836023300009
-73.95983667,40.80953,0.974108046060001
-73.95479667,40.79690667,0.9803143013900005
-73.945695,40.78186167,1.0022014797200007
-73.971625,40.791,1.0003322703400004
-73.97831833,40.7908,0.998362087749999
-73.97892167,40.79080333,0.9870554755799992
-73.88750833,40.8226,0.9945287062400002
-73.983185,40.78434667,0.9898767191299997
-73.97217667,40.7966,0.9883032177000005
-73.94266,40.78591667,0.9944950484299996
-73.94932167,40.77342667,0.9932701455099995
-73.98251167,40.77396333,1.0017230581300007
-73.94351667,40.77660833,0.9842318273500001
-73.95702833,40.79038833,0.9752151467600008
-73.96737333,40.806175,0.9847403006400006
-73.95818167,40.78188,0.9890569114900001
-73.94980333,40.816245,0.9973343231000009
-73.91806833,40.83678667,0.9983825228200002
-73.95192833,40.77375833,0.9862645172599991
-73.95868167,40.79000333,0.9697373416900003
-73.96004167,40.773365,0.9930994522999995
-73.89871333,40.806685,0.9831066958400007
-73.92465667,40.843095,0.9868619430700002
-73.98121,40.76888333,0.98812651416
-73.954495,40.78656667,1.0046176277400005
-73.95993833,40.77355667,1.0082622852699998
-73.97859167,40.790915,0.985316089089999
-73.95254167,40.76849333,0.9819226625399992
-73.97175333,40.79723333,0.9857716712199993
-73.96372167,40.79215333,0.98152958787
-73.95286,40.78659167,0.9826487096600008
-73.961075,40.75933833,0.9932665391000001
-73.97226167,40.79645333,0.9836283912899991
-73.96766833,40.80002167,0.9984859001799994
-73.949095,40.79414667,0.9949386095899994
-73.96059167,40.797535,0.9853834046500008
-73.93322,40.795155,0.9914730600999991
-73.94806167,40.78681,0.9915055156700003
-73.899135,40.81350667,0.9889631504699993
-73.90962667,40.84315667,0.9866611985900012
-73.95757833,40.76121,0.9935730655499999
-73.91770833,40.83735333,0.9881180997299991
-73.98724667,40.77075833,1.00507321016
-73.87953667,40.80615167,1.01129028394
-73.97206,40.765805,0.9909417474000007
-73.9024,40.83370667,1.0051585564899994
-73.95461833,40.79562833,0.9865566187799996
-73.90329667,40.811215,0.9985387913099987
-73.93413833,40.79555833,0.9960877826699992
-73.90040833,40.81547667,0.9947943623499996
-73.95488,40.80417,0.9900786661399988
-73.92372,40.84413333,0.9928926974900009
-73.895605,40.80892667,1.0126810718699992
-73.95195833,40.7693,0.9953268765600001
-73.92564667,40.84142667,0.9839878084499994
-73.942635,40.79075333,1.0058761886100003
-73.92131667,40.83194167,0.9963330040400008
-73.98715333,40.77091833,1.0072621684000003
-73.89874,40.81051333,0.995347311849999
-73.897585,40.81975,0.9954050110500015
-73.90627,40.843665,0.99296602317
-73.970495,40.767875,0.9868018399100013
-73.941085,40.79014833,1.0014489876599992
-73.97013333,40.79409667,0.9947270466199991
-73.88117167,40.80541333,1.0012638696099996
-73.91002833,40.84028333,0.9894031062100015
-73.88944167,40.80749333,1.0088056182600003
-73.95901667,40.75951,0.9881325246999998
-73.90356167,40.817495,0.9963690658800003
-73.96688667,40.807605,0.9882491247799996
-73.97541167,40.786255,0.9971299722799999
-73.912915,40.835245,1.0010691355500003
-73.89614833,40.81892,0.9921209723700001
-73.95433333,40.78149167,0.9964736455999998
-73.92512667,40.84229167,0.9907518218000004
-73.90222167,40.80517667,0.9930056915399986
-73.917745,40.83730333,0.9881180997299991
-73.95701833,40.76218833,0.9880087121700005
-73.91789333,40.83208833,0.9995905968699994
-73.956985,40.76223,0.9861010369700005
-73.96148333,40.75945667,1.00095854551
-73.90956,40.84112667,0.9872526139200012
-73.94763167,40.7854,0.9861984037100001
-73.97201333,40.765855,0.9915716289800013
-73.95799667,40.76086,0.9860072756600008
-73.96383333,40.76041333,0.9918913780799999
-73.88087333,40.80545833,1.005231882419999
-73.98283833,40.782095,0.9886229665900008
-73.94646,40.785155,0.9981625451700005
-73.90953333,40.84341,0.9868330938100003
-73.969145,40.793605,1.0031054314899999
-73.94900333,40.79004833,0.9925176536899994
-73.95807667,40.80547333,0.998673422130001
-73.98504833,40.780215,0.9901664166299998
-73.89324667,40.84277667,0.9916918355700006
-73.95255667,40.786845,0.9887071110599999
-73.95508,40.79237667,0.9824046903200006
-73.92208333,40.841025,1.0027880867
-73.892235,40.842125,1.0010571147300007
-73.88972167,40.80855,1.0056910708999995
-73.958945,40.75958833,0.9896339020699998
-73.96860667,40.76490833,0.9863847237099996
-73.95697833,40.81226,0.9928494229499998
-73.971345,40.76693167,0.9886626344799977
-73.88797,40.82323333,0.9898274345199993
-73.97463167,40.79340167,1.0023998200599993
-73.946495,40.785135,0.9981625451700005
-73.95584,40.79158,0.9811653625199999
-73.91757833,40.84419667,0.9918733474199988
-73.90011833,40.81484833,1.00503835015
-73.97195667,40.76595333,0.9876516991400011
-73.97126833,40.767035,0.9865001215999974
-73.93475833,40.7991,1.0028181383499999
-73.96877667,40.76495667,0.9920909210299989
-73.94826333,40.79514333,1.0092287444099994
-73.971365,40.79778667,1.00696646042
-73.95539167,40.79191833,0.9839253008099995
-73.95947,40.7742,0.9890677298599994
-73.96063833,40.772585,1.0023505355100004
-73.903525,40.80943333,1.0043038891299998
-73.971035,40.76733,0.9893177594099982
-73.90302833,40.80945167,0.9939493116300013
-73.957995,40.78214667,0.9882767722100003
-73.949355,40.79019833,0.9939973938299995
-73.95730833,40.81173833,0.9961466840600006
-73.95949333,40.77413167,0.9898298383499992
-73.97253333,40.79134,0.9929167383900012
-73.970795,40.76757167,0.9903467259399993
-73.964165,40.80805833,0.9945743843499997
-73.952775,40.774125,0.9953737570600002
-73.96780333,40.800805,0.9935838838899997
-73.94580833,40.77790333,0.993381937500001
-73.960155,40.77318667,0.9883104302599997
-73.95950833,40.77407667,0.9898298383499992
-73.90968333,40.842745,0.9861274823399997
-73.89594667,40.80889833,1.0056237551299994
-73.93151,40.79741333,0.998437817530001
-73.96144,40.797755,1.0065036661100004
-73.95109333,40.79770167,0.9928650498899999
-73.95569667,40.79168167,0.9830417843600009
-73.96358167,40.80831,0.99614187579
-73.91739333,40.84411,0.9933939579299995
-73.96988833,40.79453667,1.0112542220699998
-73.879635,40.80643333,1.0015078889399989
-73.96904,40.79355167,0.9971347803899993
-73.983515,40.775965,0.9875591400199994
-73.91753833,40.84416833,0.9918625283199995
-73.95755667,40.76125333,0.9868078499200003
-73.98553167,40.78030667,1.0029792148100005
-73.94354333,40.78470667,1.0050335418400003
-73.92570833,40.84131333,0.9888008719200007
-73.97783167,40.78652,0.9942390089600001
-73.95793167,40.80602167,0.9976985485299997
-73.972215,40.765515,0.9914610393200003
-73.97948333,40.79043667,0.9952607631899995
-73.90565167,40.84361667,0.9878909098199995
-73.89642,40.81940667,1.0080807737999995
-73.972105,40.76878333,0.9880604006099998
-73.92396833,40.84403833,0.9893874791800008
-73.97109,40.76729167,0.9869653203199975
-73.90371167,40.80930667,0.99421616973
-73.95429833,40.81096833,0.9986217334100003
-73.90236333,40.83376333,1.0051585564899994
-73.89312667,40.84268,0.992197904420001
-73.95801667,40.81085833,0.9969712997399999
-73.94812,40.806325,0.9899344183700005
-73.90793333,40.80256,1.00240342616
-73.94937833,40.77346333,0.9874665814699983
-73.98492333,40.78015333,0.9921726609000006
-73.970135,40.794275,0.9878824955999987
-73.89464833,40.809025,0.9868847823300004
-73.899735,40.81426333,1.0131895450799997
-73.90311167,40.809555,1.0067044105599996
-73.96292,40.809115,0.9873271419099994
-73.95783,40.78233333,0.9913780968899992
-73.88759333,40.806415,0.9938194882000011
-73.96336167,40.80860333,0.989555767829999
-73.95013333,40.81740667,0.9885592569599992
-73.954585,40.79564833,0.9894295514000011
-73.903075,40.817455,0.9846777933099992
-73.95623667,40.79130833,0.9762693566900009
-73.91732667,40.84535833,0.99917227876
-73.90507833,40.84362,0.9954362642500004
-73.951195,40.77346667,0.9912314451000008
-73.90236167,40.81729167,0.9939084411499993
-73.96040833,40.80168167,0.9900221687900013
-73.944875,40.78727667,0.9886181581499993
-73.98692,40.77126667,0.9892071697599997
-73.94251333,40.78649167,0.9888177011299994
-73.95009667,40.79031333,0.9935177705399997
-73.884795,40.804875,1.0178703815599999
-73.95473333,40.82247167,0.9815380024400007
-73.947025,40.78921333,1.0011268343099993
-73.94809667,40.78557667,0.9895677888100012
-73.95631167,40.80473,0.9959327165599992
-73.906315,40.81544167,0.9919550875999996
-73.906095,40.84464833,1.0038903792400007
-73.98854333,40.76914833,0.998816467620001
-73.95643167,40.82298167,0.9870855267100004
-73.96454833,40.799075,1.00051979232
-73.95014667,40.77375167,1.0048892942800007
-73.90134833,40.83540667,1.0053785343999992
-73.89738667,40.80789833,0.9965794270700009
-73.91745,40.845115,1.00224836009
-73.904615,40.80801667,1.0011256324099993
-73.91316,40.827285,0.9908527946900008
-73.914005,40.83562167,0.9917435244000012
-73.91233667,40.82942333,0.9913973299499999
-73.96472333,40.79915667,0.9965770227700014
-73.91226833,40.82940167,0.9953857776899998
-73.91735333,40.83290167,1.00592667524
-73.953495,40.81755667,0.9969821185499991
-73.90972167,40.82632333,0.9948941336199991
-73.95696333,40.77681833,0.9956959100199994
-73.91689667,40.80412167,0.9862524968199997
-73.894685,40.84391667,0.9939661403500004
-73.91581333,40.83496167,0.9944289347099995
-73.89158833,40.82145833,1.0009260899700012
-73.91717,40.83334167,1.003048934200001
-73.93579667,40.79961667,1.0043399509700008
-73.909525,40.82669667,1.0038555192299996
-73.925235,40.826975,1.007861997980001
-73.90352,40.81751,0.9992564232700006
-73.91058667,40.83936333,0.9962536677
-73.92255,40.82338833,1.0032713164
-73.95286,40.818075,0.9993513863399994
-73.9122,40.84474833,1.000215669839999
-73.903805,40.81188,1.0040947298699996
-73.92686333,40.83529333,0.9987154943700007
-73.90882667,40.843765,0.9984726773599998
-73.99138833,40.77586333,0.9948893253699996
-73.962415,40.80243333,0.9916449550400003
-73.893215,40.84425667,1.00174469537
-73.89811667,40.81923333,1.0019899164800008
-73.89667833,40.84407833,0.9953641404400002
-73.92572833,40.84127,0.998675826340001
-73.89257667,40.84387167,0.9957848628800003
-73.95827667,40.774705,1.0048941024900007
-73.93841,40.80229333,0.9916461573300005
-73.96528333,40.79930667,0.9940695176900016
-73.94929167,40.79698333,0.9953256745300003
-73.88392667,40.81553333,1.0000161274299995
-73.89794333,40.83639,0.9972597953400004
-73.896715,40.80842,1.0089991504099995
-73.98891833,40.76938833,1.0025007935700005
-73.90439333,40.808115,0.9985856713099989
-73.91538833,40.83536667,1.0020572321699992
-73.97155833,40.766505,0.98113531094
-73.95496167,40.77345667,0.995822126809999
-73.94806667,40.79310667,0.9938038618800017
-73.97364167,40.79474167,0.9984077660800008
-73.95694833,40.80499,1.001138855039999
-73.90419833,40.81585833,0.9952114785999997
-73.92742833,40.83408,0.9967332912600011
-73.91715167,40.844005,0.9849578739499992
-73.957195,40.82223833,0.9898322428300002
-73.90078,40.8415,1.002179842549999
-73.95710667,40.80716333,0.9858654319799999
-73.95403167,40.77551333,1.0002589444599996
-73.91676667,40.80406833,0.9971095372
-73.89541,40.81758333,0.9959194939599995
-73.894235,40.80907833,1.0021594071500002
-73.90390667,40.80835167,1.0009501310300004
-73.89524667,40.81734,0.9963546407900015
-73.95109833,40.78876833,0.9883368753799995
-73.891595,40.82153167,1.0044012564800007
-73.95975,40.801385,0.9959279083499998
-73.94890167,40.80167,1.000244519359999
-73.96678333,40.80389833,0.9929419819299997
-73.93246333,40.79813333,0.997936557170001
-73.964275,40.76059167,0.9964640287900004
-73.97178833,40.76615667,0.9903683632099987
-73.95899333,40.809555,0.99167741095
-73.91556667,40.83522167,1.0037341109600002
-73.961635,40.79784833,0.9965806291300008
-73.94739333,40.78528667,1.0015715981199995
-73.95279,40.77490333,0.9936980798600004
-73.919065,40.84354333,0.9894620071199987
-73.92630833,40.834865,0.9922700279100011
-73.95199333,40.81882333,0.9942077548200008
-73.93536833,40.80039333,0.9927772993000008
-73.89158333,40.821185,1.001440573339999
-73.96228333,40.79816,1.0003671303100001
-73.947745,40.79293,0.9971492051299987
-73.89792833,40.81943,1.01281810728
-73.87980333,40.80564167,0.994620063069999
-73.95477667,40.78076833,0.9995401101900001
-73.956035,40.77378667,0.9989655235700006
-73.93538667,40.80095333,1.0069832894299997
-73.92721,40.834035,1.0068354356200002
-73.95703667,40.7632,0.9951141112300005
-73.95860333,40.76001667,0.9943580128699986
-73.962185,40.80231667,0.9925801607899998
-73.95936,40.77446667,0.9991013568800006
-73.91331167,40.82978,0.9979762252199995
-73.895245,40.84396167,0.9981324938000004
-73.90502167,40.84424,0.9975290574900006
-73.96481667,40.799195,0.990326290860001
-73.92139333,40.83182,0.9987010694099986
-73.91755,40.84626833,1.0023805871199998
-73.88854167,40.806315,0.9939853734200002
-73.95483667,40.794275,0.995316057630001
-73.98883667,40.769325,0.9993958626700002
-73.94841667,40.78615167,1.0000858472600005
-73.91302167,40.83857333,1.005325643640001
-73.95843667,40.76429833,0.9969821183200008
-73.89597667,40.84400167,1.0047907251099992
-73.90328,40.8087,1.0113275480500001
-73.90519333,40.80768,0.9959603641300008
-73.93185,40.79783833,0.9961238448699998
-73.88334667,40.81329,1.0018600933100006
-73.98191333,40.78349667,0.9992299776900002
-73.95489333,40.773545,1.0019514502799998
-73.96964,40.76536333,0.99777187434
-73.959795,40.80140333,0.9959279083499998
-73.91729,40.84560167,0.9883633208399999
-73.92724333,40.83541667,1.0007181327600017
-73.89827833,40.81907833,1.0038747522099989
-73.91718167,40.83325167,0.9969232174300001
-73.91836667,40.844505,1.0055888954099996
-73.88595,40.80504,1.002232733229999
-73.91238,40.83506167,0.995337694920001
-73.91654667,40.84372,0.9942774745000007
-73.953765,40.79819333,0.9957776503099993
-73.96897,40.76510667,0.9974449130900012
-73.98839833,40.76930833,0.9996867618600004
-73.9536,40.80364333,1.001154481990001
-73.89359333,40.84446,1.0044505409200002
-73.92751833,40.83859333,0.9988741668999992
-73.88758833,40.82077167,0.9968835493500001
-73.95790833,40.774565,0.9952799956900011
-73.94574333,40.78616,0.993630764140001
-73.90973,40.840805,0.99093213148
-73.89895667,40.83655833,1.0030284996699996
-73.948925,40.79436,0.9885724799099994
-73.89852833,40.81886667,0.99807359259
-73.89892167,40.81846333,1.0059447063500009
-73.894965,40.80901833,0.9862464865500002
-73.95905167,40.81632333,1.0083500360200002
-73.988065,40.76966,0.996452008149999
-73.95814667,40.77465667,0.9992648373800002
-73.95968167,40.80942667,0.9850804845500001
-73.95230333,40.774715,0.99380266001
-73.87966833,40.80660333,0.9898683045899994
-73.96921333,40.76518667,0.9918517100100003
-73.98791333,40.76985833,0.9958641989900001
-73.887645,40.82072333,1.0002204781300013
-73.92759667,40.82512667,0.9929648210099998
-73.95475667,40.79444,0.9941236104800004
-73.90928667,40.8438,0.99963747732
-73.90280667,40.80849833,0.9930561777799999
-73.896405,40.83876333,0.9925621297000005
-73.943345,40.79105833,0.9967657471600007
-73.89379667,40.809135,1.0062163725200015
-73.92758167,40.83860333,0.9988741668999992
-73.929355,40.82962667,0.9921197702000005
-73.94887667,40.79442333,0.9885724799099994
-73.95904833,40.78071333,0.996580629319999
-73.95209833,40.77465167,0.993930078250001
-73.98273833,40.78222,0.9882851868600012
-73.98848167,40.769195,0.998816467620001
-73.95282333,40.81810833,0.9993513863399994
-73.92761833,40.82505333,0.9944686030400005
-73.90984333,40.826115,0.9928602415899996
-73.98481667,40.77417667,1.0048736673499996
-73.88612167,40.805795,0.9948736984600006
-73.89464333,40.81779333,1.0009284939499998
-73.954065,40.79587667,0.992617424460001
-73.94844833,40.79487333,0.9952391259500005
-73.95912167,40.80943333,0.9935959048099997
-73.96473333,40.80831333,0.9958569867200009
-73.93796167,40.80208333,0.9903190786800005
-73.94821333,40.795215,0.9997192176700009
-73.95698167,40.81402333,1.0080062457299994
-73.98765833,40.770145,0.9946873786599998
-73.95334333,40.77503167,1.0009934053000002
-73.89783167,40.83627167,1.00195505612
-73.95161833,40.76979667,1.00166175297
-73.88209833,40.8127,1.0011785230399994
-73.911355,40.83470833,1.010981353689999
-73.90652333,40.84469167,0.9992636356499992
-73.96174333,40.81029833,0.996234434680001
-73.954845,40.79424833,0.9929744374599987
-73.93846833,40.85229167,0.9951754165499991
-73.93244833,40.79610667,0.9956778790100006
-73.91649,40.834185,1.0034227763399999
-73.95451,40.80401333,0.9953088454199991
-73.96290333,40.80265333,0.9990087982299992
-73.95828167,40.76455833,1.0022098943100017
-73.895195,40.840695,0.9937076964699993
-73.94478333,40.80008,1.0015102926500001
-73.90266,40.83337667,0.9905618954399997
-73.89440833,40.84419667,0.9960637417500005
-73.90281667,40.808575,0.99665635899
-73.95429333,40.76869333,0.997395628380001
-73.88908167,40.81861,1.0085712157099997
-73.90456667,40.81534,0.9921798733300004
-73.95658667,40.762765,0.9922688261499999
-73.898605,40.81880333,0.9984895066500005
-73.88737833,40.81410333,1.0036463604200003
-73.98473833,40.774265,1.0053196330499998
-73.927855,40.82134,0.9957488009999996
-73.9097,40.84086667,0.9918817619099997
-73.984385,40.774745,1.001731472620001
-73.957215,40.814255,0.9987022717200006
-73.964235,40.79894167,1.0009357065599993
-73.91369,40.82690167,0.9973487479000004
-73.953395,40.82254333,1.00327251851
-73.95733167,40.77728833,1.0068089901299992
-73.91549333,40.80421833,0.9883476939700003
-73.880915,40.81152667,1.0022459556999999
-73.91990833,40.83434333,1.0050034903099996
-73.92032667,40.833665,1.0106676150100002
-73.91376333,40.82685167,0.9973487479000004
-73.97042333,40.76511333,0.9956165741100004
-73.94539667,40.79196833,0.9931210894499999
-73.94658833,40.811645,0.9954482850300012
-73.89910667,40.81815,1.0038807626900017
-73.94311667,40.80235333,1.004818372589999
-73.96771833,40.801715,1.003123462330001
-73.91312333,40.83861167,1.0023156755199991
-73.888585,40.823425,0.9990749114700003
-73.92573667,40.82608167,1.002529643139999
-73.95396167,40.79502333,0.9697758077800002
-73.925275,40.82094333,1.0034347968200008
-73.88828333,40.814165,1.0097816937899993
-73.90457167,40.81237833,1.0079749924399994
-73.95648833,40.808055,1.0033530565500004
-73.95703833,40.77775833,1.0121485575200002
-73.91415667,40.81642667,1.0012650720299994
-73.88502167,40.81249667,1.0104668704099995
-73.91440167,40.83907,1.0036259251899988
-73.91688333,40.81158333,1.0084966878500001
-73.95503667,40.768995,1.003930047059999
-73.89778667,40.80872333,1.0033927246100007
-73.88768667,40.816435,1.0105906830500002
-73.91684167,40.81832667,1.0033121864400005
-73.928015,40.82156,0.9924250945199995
-73.90333667,40.83239167,1.007116718289999
-73.956075,40.77899667,1.0061815127299991
-73.92338333,40.82285333,1.0052150535100004
-73.88873167,40.82591333,1.0044361161499986
-73.95734167,40.822095,0.9960841767899998
-73.94967,40.80212,1.0129094639099991
-73.95110833,40.77415333,1.0053064103900002
-73.916905,40.81819833,1.0063990864900005
-73.92789,40.82876667,0.99965671043
-73.90241833,40.83191,1.0136487333400004
-73.94677167,40.80067333,0.9961839483500006
-73.91132167,40.83815,1.009733611250001
-73.88640667,40.81517667,1.0139516533899995
-73.88276167,40.80516833,1.003926441199999
-73.970955,40.76449167,1.0041211753799992
-73.93840833,40.85323,0.9989354722099992
-73.95042167,40.828105,0.9988921976499998
-73.92029667,40.82235,0.9976853257499999
-73.95137667,40.82775167,1.0005246005899995
-73.89914,40.81825833,1.0076059585600008
-73.94485333,40.79999167,0.9992648376900004
-73.95094,40.77068333,1.0090075647299992
-73.928,40.828835,1.00128791111
-73.93497,40.85694833,1.0050287337300008
-73.900165,40.84130833,1.0048568386300003
-73.93549,40.799435,0.9985580240999993
-73.94836,40.80914,0.9922531992100003
-73.95611333,40.77655,0.9997829272899992
-73.958805,40.81604167,1.0018997615300003
-73.95662833,40.76301,0.9989967773799999
-73.89142667,40.80950667,1.0071684071700004
-73.91336167,40.81802,1.0048592427499994
-73.915845,40.84339167,1.0003334724700004
-73.94817,40.80934833,1.0032677101600007
-73.90655833,40.80691833,0.9977454289699991
-73.90327333,40.83221833,1.008067550819999
-73.92103167,40.84225833,1.0083860981099984
-73.91189833,40.82040167,0.9833483103999999
-73.90588333,40.80402167,1.0116448930999997
-73.90573167,40.826655,0.9970061599100003
-73.96764,40.802315,0.9883452897099994
-73.91044667,40.82497833,1.0030657633300013
-73.89537667,40.810705,1.0049854592600007
-73.91118,40.82158833,1.0027003359399997
-73.90675333,40.83162167,1.0045935869199996
-73.9144,40.81598167,1.0060589023999997
-73.95602333,40.77648833,1.0008275204899997
-73.95771833,40.82165333,1.0022916344900015
-73.95971333,40.81915833,1.0076299999600011
-73.93966333,40.80439,1.0079509506499986
-73.91657,40.83409167,1.0044072666600001
-73.88372333,40.814715,1.0074376697100005
-73.92625333,40.82550667,1.0103130063600005
-73.958745,40.77490333,1.00094412075
-73.896195,40.812295,1.004636860859999
-73.90958667,40.81901,1.010829893469999
-73.95390833,40.81774,1.001243434849999
-73.94762833,40.80501833,1.0047919267999987
-73.92711167,40.83684667,1.0014561998699998
-73.950715,40.770995,1.0091938846999997
-73.95317667,40.81086667,1.0050563808900002
-73.95087,40.828295,0.9949001440899995
-73.95641667,40.80816,1.003301367930001
-73.90501167,40.81243,1.0087166654000002
-73.91447333,40.83909667,1.0036259251899988
-73.95641333,40.76700667,1.0030068624800006
-73.94682833,40.79254,1.00471379285
-73.90144833,40.83526833,1.0040658803400009
-73.93510667,40.856515,1.003367481429999
-73.95026,40.82633333,1.00794974878
-73.96389833,40.803115,1.0093477489200007
-73.92680833,40.820025,1.0083163783199995
-73.949935,40.82212667,0.9958666033000009
-73.94524667,40.791905,1.0114104904699992
-73.95747833,40.81447167,1.0032556894999993
-73.938315,40.85225667,0.98850155817
-73.886315,40.81508167,0.9930609861899998
-73.90274667,40.80809,0.994219775760001
-73.94783333,40.80122333,0.9958906444700005
-73.91785333,40.82135,1.0086625726100005
-73.90180167,40.82991833,1.0069087616900014
-73.92715333,40.83694667,1.0065805981599996
-73.90709,40.813395,1.0078223300900007
-73.90569167,40.81255667,1.00082752067
-73.94996833,40.77214333,1.0063281644600006
-73.95628833,40.81817667,1.0027784701900002
-73.94262,40.80300167,1.0066370948799999
-73.885985,40.80516167,0.99914703516
-73.95663667,40.80783667,0.9982454875899996
-73.89108,40.80955,1.0116244577599993
-73.90856667,40.819325,1.0051032615900002
-73.95634833,40.80825667,1.0048436159499996
-73.905805,40.80397833,1.009786502349999
-73.99316333,40.77099333,1.0113503870999994
-73.91834667,40.83135333,1.0101375045800005
-73.88836667,40.81414167,1.0097816937899993
-73.94795,40.8254,1.0104175856399997
-73.94740833,40.80539333,1.0105798645800004
-73.89838333,40.81538333,1.0073595351900004
-73.88806167,40.81696333,1.0123240589299993
-73.92751,40.83609333,1.0006135533000005
-73.92344167,40.82275167,1.0075470571799996
-73.92994333,40.82993833,0.9922772406699992
-73.892005,40.82039667,1.0051874061300006
-73.958745,40.81598,1.0104031609100002
-73.89825,40.817515,1.0105281756600004
-73.8973,40.83765167,1.0042005114700012
-73.907355,40.83061667,0.9997264304199999
-73.99219333,40.77056833,1.0048231807099999
-73.890005,40.809575,1.0019394295200004
-73.88873667,40.825195,1.009792512699999
-73.96696,40.80363167,0.9945287062100004
-73.94979667,40.77238,1.00904603089
-73.967625,40.80240833,0.9920212010000006
-73.91402,40.8267,0.9916028827500005
-73.92663333,40.83859667,0.9971191537599993
-73.889,40.80629333,1.00508763498
-73.90162333,40.840655,1.01324003151
-73.88382333,40.81513667,1.0001603751399997
-73.95991167,40.81886667,0.9993922563200002
-73.90819833,40.82002667,0.99347569821
-73.92796333,40.82146167,0.9999391955599992
-73.94582167,40.813665,1.0029539714200004
-73.91688167,40.81824167,1.0048207766600006
-73.91344833,40.81805667,1.0021582052400004
-73.91319,40.83864333,1.0000317543500004
-73.90831333,40.81979333,0.9996362753600007
-73.94402167,40.80110833,1.0098958901799995
-73.91057667,40.82469667,0.9987383335400003
-73.96708833,40.80343833,0.9896038508499996
-73.90664667,40.83186833,1.00290348506
-73.906675,40.80724,1.0004332437
-73.95321333,40.82268,1.0107794069399996
-73.95505833,40.768935,1.0031655346099992
-73.903065,40.83277167,1.00424739195
-73.910895,40.82208667,0.9962416471400003
-73.92321333,40.8232,0.9975122284799995
-73.913715,40.819245,1.0116797527900006
-73.92732,40.83648333,0.9991278024099992
-73.91877,40.83076167,1.0067272498199995
-73.89753667,40.81623167,1.0052799652999997
-73.91799833,40.82138167,0.9884763148699998
-73.94412833,40.80097333,1.0080819756499992
-73.88917833,40.806535,0.99505400788
-73.90180333,40.84036333,1.0016593484400007
-73.90721167,40.81302833,1.0048748695500005
-73.88511833,40.804805,0.9955973407400006
-73.91979,40.83454333,1.0021894588799996
-73.926155,40.83864667,1.0028253507900013
-73.95398833,40.79501,0.9997132075799996
-73.94895833,40.80662333,1.0048508282900006
-73.89815667,40.81745333,1.0055888951500003
-73.91352333,40.84501833,1.0060973684899996
-73.88721,40.82098,1.0037184838599986
-73.95652667,40.817855,1.0056934749799997
-73.95433667,40.79483167,0.9999295789700006
-73.957435,40.77713667,1.0064916452900008
-73.90859833,40.81925333,1.0038447007999993
-73.89488,40.81244,1.0011905439100002
-73.96657,40.76173167,1.0030825921499997
-73.94724833,40.82695167,0.99935980061
-73.94679,40.78497667,0.9962440514700001
-73.888435,40.8219,1.0111436321899987
-73.95447667,40.82236,1.0042209468300007
-73.95979833,40.81788667,1.0044962194000011
-73.89967667,40.83744,1.0080230745599996
-73.888725,40.82527167,1.009826170469999
-73.92176167,40.84128667,0.9992696458199992
-73.949105,40.80174667,1.00093690829
-73.91587667,40.84341333,1.0003334724700004
-73.88858,40.82013167,1.0045202605000003
-73.92720833,40.83858167,1.0030140745999991
-73.9235,40.822655,1.0018588913099997
-73.9024,40.83583,1.0042558067899992
-73.94767833,40.804945,1.0047919267999987
-73.95045333,40.82152833,1.0052451051599998
-73.91705833,40.81788167,1.0067993734100016
-73.91444167,40.81590167,1.0060589023999997
-73.989665,40.76961833,1.0039673114699992
-73.9277,40.83799667,1.0062043519999997
-73.88897,40.82614,1.007500176689999
-73.90213833,40.83855167,1.0063810556599986
-73.97289833,40.76470333,1.0112301807899988
-73.93567,40.85557833,1.00175912003
-73.92505,40.82728667,1.0065481423399996
-73.9076,40.82537,1.0008527638300009
-73.95227333,40.8224,1.011838425069999
-73.92109333,40.84207833,0.9871300034299996
-73.90787,40.82969667,1.0112698488499996
-73.925565,40.81185167,1.0113527915000002
-73.92020333,40.80381,1.01588336994
-73.91703333,40.81133333,0.9948749006100006
-73.91502,40.83927167,1.0098790612699986
-73.91529833,40.81451333,1.009562918360001
-73.95131833,40.80464333,1.0022014796
-73.90041833,40.83100833,1.00858924676
-73.90781667,40.804365,1.0074605085800004
-73.96556,40.80860167,0.9997023888600003
-73.91344333,40.81764833,0.9949854903899997
-73.94750333,40.80523167,1.0017374829100003
-73.91556,40.814055,0.9922892613099991
-73.88591667,40.80491833,1.0057127082099986
-73.91577333,40.82062667,1.00419570328
-73.942,40.80379833,1.0145370583299995
-73.92731333,40.81059333,1.00573194105
-73.929665,40.85748,1.0071720134899989
-73.95325333,40.81254,1.0078932516099997
-73.93138833,40.832545,1.0008948361800007
-73.90421,40.827805,1.015162131940001
-73.950725,40.82658,1.0055925016300002
-73.90694833,40.81372333,1.0131510791700011
-73.97295833,40.76460167,0.9817195142799998
-73.91921833,40.82172333,1.0028097239000007
-73.92314833,40.813085,1.0099992678899996
-73.88961,40.81392,1.0142497653199989
-73.99017,40.76980833,1.0001219090200002
-73.90232333,40.831875,1.0113479830599996
-73.92969667,40.81767667,1.010248094550001
-73.94546167,40.81320333,1.0120487860699996
-73.885275,40.81345333,1.0143026561999984
-73.95940167,40.81961667,1.0059735560699996
-73.95471,40.81814,1.0019670770399989
-73.911395,40.81944333,0.9814658784799994
-73.92000667,40.83071167,0.998446232040001
-73.99035333,40.76987667,1.0094980066899988
-73.94227,40.80345167,1.010282954749999
-73.92993167,40.81725667,1.0152919544399996
-73.927115,40.83688833,1.0014561998699998
-73.95013833,40.82800833,0.9927039732099989
-73.90118833,40.83146667,1.0111604615199985
-73.96804833,40.76247333,1.0100124904600003
-73.92565667,40.82784333,0.9933470775600002
-73.95005,40.82799667,0.9927039732099989
-73.91987667,40.84351333,1.00924917974
-73.91644667,40.812365,1.00868901799
-73.88888833,40.81402833,1.0121485575699996
-73.91512167,40.81474,1.01077099252
-73.92747833,40.83737667,1.0066863795399985
-73.94713667,40.814145,1.00289146407
-73.95832667,40.82126833,1.0138482758499998
-73.92855167,40.83437667,1.01140688441
-73.96563667,40.80862333,0.9971708424099995
-73.92282667,40.81327333,1.0089113998900001
-73.88834167,40.81744,1.0205016992199996
-73.89170167,40.82336833,1.0145959597300005
-73.932395,40.85924333,1.0189558448299998
-73.919775,40.814825,1.0234756049799996
-73.88878,40.81404333,1.0088597109899988
-73.97295167,40.764625,0.9817195142799998
-73.90818667,40.80459167,1.015402544390001
-73.92286667,40.813245,1.012794066370001
-73.91622,40.81278833,1.0160312236899995
-73.92041333,40.80390167,1.0128433505899996
-73.90983333,40.81099833,1.0008263186100002
-73.925075,40.82724,1.0065481423399996
-73.91389667,40.83019833,0.9892480396800001
-73.94804833,40.80953333,1.010492113879999
-73.891675,40.82303667,1.0065361215900006
-73.93136167,40.83259333,1.0096903372000001
-73.92967333,40.83463667,1.0041572375299992
-73.908085,40.82489667,1.0009465250499998
-73.95611833,40.81839333,1.0052126494500002
-73.968215,40.76263,1.0069724710499988
-73.93088833,40.829785,0.9890268599700005
-73.96700833,40.7619,1.0143315058200009
-73.91734333,40.81083,1.0088681255100003
-73.88534,40.82111167,1.0159795351999994
-73.95061333,40.82645,1.0085724179599997
-73.92607,40.81158833,1.0109957784799994
-73.94233333,40.80337,1.0094787740000004
-73.92587,40.83911833,1.0032653060200007
-73.947835,40.808745,1.014207692929999
-73.88607833,40.82117667,1.0134431801400012
-73.95296333,40.81264667,1.0063377813299992
-73.95690833,40.81564,1.0176263627500002
-73.94897667,40.825845,1.0088705295899996
-73.94867167,40.81370333,1.0025476737899992
-73.92735333,40.82844833,1.00268591126
-73.92272167,40.81333667,0.9977057610600003
-73.91376333,40.83042667,0.99926243341
-73.89739333,40.84415667,1.00571992011
-73.95433833,40.81791833,1.0014513914699983
-73.91852333,40.821515,0.9933627042500001
-73.94363333,40.80163333,1.0087358985899995
-73.943845,40.80132833,1.0071071019000006
-73.92837667,40.834315,1.0123084321799996
-73.91067833,40.81921667,1.004708984969999
-73.92539667,40.84013167,1.0050575833399995
-73.88531167,40.81359,1.0137088367599991
-73.90783333,40.82975667,1.0120680192399998
-73.89806167,40.815735,1.0066623381699997
-73.95340167,40.81234667,1.0107000710400016
-73.95271167,40.82249167,1.0118035653300002
-73.89131167,40.814285,1.020685615249999
-73.918755,40.82158333,0.9973138880899995
-73.93015333,40.81678333,1.005029935559999
-73.89168,40.823105,1.008388501980001
-73.93154167,40.83219333,1.0109392814799987
-73.97202167,40.76427,1.008317579879999
-73.90945333,40.84482833,1.002037998679999
-73.92837833,40.80729333,1.012434648589999
-73.92188333,40.80452333,1.0103286332299999
-73.93818667,40.80339667,1.0093633759499998
-73.91659167,40.81888,1.0067248456000006
-73.94955167,40.81246833,1.0142185112199988
-73.94690333,40.81404833,1.0112734552900011
-73.92833,40.82136167,1.012720740230001
-73.889095,40.80635667,1.00508763498
-73.90821167,40.82911,0.99829837835
-73.88949,40.82586,1.0153196021299997
-73.93146,40.85877333,1.0041524290599992
-73.92198167,40.81028333,1.00354538689
-73.95286667,40.79804167,1.0107986398100008
-73.92785833,40.80984,1.0079858106499986
-73.95214667,40.80361167,1.0122134687599988
-73.96785833,40.76284333,1.0039625031800001
-73.89142833,40.814625,1.0033278134499997
-73.887725,40.81647667,1.0112746570799995
-73.89647333,40.83364,0.9989859587199987
-73.94238167,40.80329833,1.0094066501600003
-73.92559,40.83959167,1.0015728001400002
-73.931335,40.83264333,1.0119309841400002
-73.91015167,40.82449333,1.0187262509099988
-73.92834,40.82129,1.012720740230001
-73.90656667,40.81275833,1.00921431983
-73.99008833,40.769775,1.0057547801900006
-73.9158,40.82084,0.9920031701
-73.94916167,40.82761833,1.0148183415500005
-73.95805167,40.81524667,1.0149409518799997
-73.92945667,40.81829,0.9997216218899996
-73.909725,40.81127667,1.005989182830001
-73.95420833,40.77451333,1.015629734690001
-73.90828667,40.80468333,1.0099620034799999
-73.94690333,40.82680833,1.0135609823199985
-73.89735667,40.844145,1.00571992011
-73.92698667,40.82030833,0.99847868794
-73.91536,40.839385,1.0175698657799988
-73.92112333,40.842035,0.9871300034299996
-73.95826667,40.81553333,1.00625604076
-73.88520667,40.81315833,1.0021870548999994
-73.94563,40.81298167,1.0146837102200015
-73.93056167,40.815525,1.0167176025699987
-73.91987833,40.803695,1.0141920658900005
-73.90797167,40.80816,1.00762038323
-73.93263833,40.85690667,1.0171888112799998
-73.92028833,40.82208167,1.011418904829999
-73.92541,40.80601,1.0159170277199991
-73.92186333,40.810435,1.0022086919499997
-73.91836833,40.809095,1.0098417970400009
-73.89153833,40.82474667,1.0191409629800001
-73.90880333,40.81019667,1.0022303290800005
-73.916895,40.83842,1.0036776138499999
-73.90743667,40.809715,1.0153003691199993
-73.927665,40.81009,1.0080062456699999
-73.930355,40.83448,1.0155323672300012
-73.94932167,40.812825,0.9954386684500003
-73.91893833,40.80444333,1.0106027038100012
-73.95302833,40.80334667,1.0091554186200005
-73.89173,40.82368333,1.0238819029000013
-73.88556,40.82123,1.0163461647499994
-73.94143833,40.8046,1.0101543338900003
-73.949585,40.81237667,1.0097937144499995
-73.92964,40.80978667,1.014003342120001
-73.93136667,40.85893667,1.00237457665
-73.93151333,40.82996,1.00247074156
-73.89152167,40.819655,1.0208851577999996
-73.88524333,40.81330167,1.0172441065400013
-73.93694167,40.85518833,1.01167133837
-73.89838167,40.83255833,1.01007018926
-73.91829333,40.81559833,1.0198706153500003
-73.91826167,40.80924333,1.0072345208000006
-73.91885167,40.80470333,1.0136511377100015
-73.92003167,40.82197333,0.9923457582399997
-73.95663333,40.815235,1.01705177589
-73.93583333,40.85529333,1.0103719074199997
-73.93839333,40.803095,1.0029840230200004
-73.918875,40.8145,1.0112013313600003
-73.93057833,40.81526667,1.0170553824699997
-73.95308667,40.80337333,1.0091554186200005
-73.955765,40.814035,1.0145454730100014
-73.89176333,40.82389167,1.0242821900199988
-73.91887833,40.80461833,1.0138951566400018
-73.91359833,40.83068,1.0085952569299992
-73.93059667,40.85740833,1.021852819209999
-73.93030167,40.83454167,1.0084329781600012
-73.89810667,40.83276167,1.0026522534399993
-73.93031667,40.857455,1.0239888862599988
-73.91867167,40.80481167,1.0095184418700007
-73.99117,40.77010667,1.0067524931499998
-73.95107667,40.81252333,1.0009453227699998
-73.89868,40.83233667,1.0175722695699994
-73.94681833,40.80829667,1.0218287778900013
-73.91882667,40.81456,1.0124154157600007
-73.91906333,40.81517333,1.00673927048
-73.908305,40.82887833,0.9851417898500013
-73.93696833,40.85512833,1.0125897151900007
-73.99154333,40.77016833,1.0036824220999996
-73.913395,40.81960833,1.0090989216299997
-73.91942333,40.81500833,1.0107277185100008
-73.93105167,40.85722,1.0072946239499998
-73.936775,40.85552167,1.0140369997200005
-73.94990333,40.81204167,1.0027375999300003
-73.93666333,40.85583333,0.9835165992599997
-73.90831667,40.828855,0.9851417898500013
-73.89132167,40.81432167,1.020685615249999
-73.93130333,40.85713333,1.01718039708
-73.89203333,40.81675667,1.015611703710001
-73.92792667,40.80973833,1.0149133043799994
-73.91932333,40.80423333,1.0164651688300004
-73.91854833,40.81467667,1.01288061443
-73.95812833,40.82145,1.00449501735
-73.95597,40.81442,1.0139444409999991
-73.93626,40.856415,0.9993754275199997
-73.99162667,40.77018333,0.9945587579399995
-73.9269,40.82824,1.0120884545400006
-73.92123667,40.80425167,1.015576843539999
-73.89917,40.84107,1.0205041034599993
-73.88878333,40.82164667,1.0133049429399983
-73.90921167,40.82412667,1.017823501170001
-73.92884,40.80909833,1.0273738982499983
-73.89103333,40.82503167,1.0117434624299992
-73.91491,40.818105,1.0298609679999986
-73.92616,40.80627833,1.0250599249000012
-73.94718333,40.80845833,1.024790662720001
-73.91743333,40.81610667,1.0281179756799983
-73.91445333,40.80555833,1.0187250487600017
-73.91591667,40.817195,1.0103622908099994
-73.91909667,40.814215,1.0177778226499996
-73.93051833,40.81357667,1.0241114969299994
-73.90755667,40.80937,1.0181793120400007
-73.91728,40.81619667,1.0225428037300006
-73.891795,40.82432,1.0243302725999994
-73.93133,40.82969667,1.0209813229799993
-73.93543667,40.85721333,1.0195124007599996
-73.89111167,40.82498333,1.0105233675899994
-73.93073,40.81428833,0.9942810810699996
-73.89134,40.82487,1.0240165339700007
-73.89255833,40.818625,1.0124634982699998
-73.93105667,40.857525,1.0234022792399988
-73.91175833,40.80445,1.025872520180001
-73.94712167,40.80843333,1.01868177444
-73.933035,40.85603167,1.0221737700799998
-73.909155,40.813145,1.0056033203000005
-73.92142333,40.81104333,1.0155395794899995
-73.9304,40.81352833,1.0051837997699997
-73.92879167,40.80903667,1.0046092133400009
-73.91342167,40.80518333,1.0259001677
-73.92964667,40.812905,0.9991386209600003
-73.92874167,40.80898833,1.00194063154
-73.91809667,40.81502667,1.0136655622399995
-73.93569667,40.854865,0.9958954526299993
-73.89262167,40.81855,1.0121377391200002
-73.91469833,40.81827167,1.0182129696300004
-73.93084667,40.81395,1.0044757841300003
-73.93458833,40.85452333,0.9837125359300002
-73.92854167,40.80894167,1.0114573707900005
-73.912115,40.80492667,1.0124082034499997
-73.911665,40.82198,1.00749416643
-73.91938833,40.81380333,1.0187971726599994
-73.93103333,40.83317833,1.0159687165499998
-73.93464667,40.85454167,1.0088789441899997
-73.91722333,40.81541333,1.00214257837
-73.911645,40.80440167,1.0074965706400008
